Source,Source Name,Destination,Destination Name,No of SKUs,No of Pallets,No of trucks,Cost per Truck,Total TripCost( in USD),OOS MACO benefit,OOS Benefit(USD),Benefit vs Cost(USD),Ranking (as per Benefit vs Cost(USD))
DA40,CND CD Santiago,DA34,CND CD Bohemia,3,6.0,1.0,0.9084855858442227,0.9084855858442227,234.12768314986468,234.12768314986468,233.21919756402045,1
DA38,CND CD Margen Oriental,DA35,CND CD Puerto Plata,3,6.0,1.0,1.0,1.0,67.94087646702465,67.94087646702465,66.94087646702465,2
DA40,CND CD Santiago,DA33,CND CD Central,3,6.0,1.0,0.9578175718246815,0.9578175718246815,48.781863436465464,48.781863436465464,47.82404586464078,3
